,Unnamed: 0,Feature_Index,T-Value,P-Value,Test_Name
302,18246,18247,-3.575,0.000351914250666,Mann_Whitney
341,21737,21738,-3.295,0.0009891959992319,Mann_Whitney
484,30693,30694,-3.34,0.0008438348718263,Mann_Whitney
546,32783,32784,-3.5,0.0004677423428387,Mann_Whitney
